﻿<?xml version="1.0" encoding="utf-8" standalone="yes"?>
<Root>
  <xs:schema id="Root" xmlns="" xmlns:xs="http://www.w3.org/2001/XMLSchema" xmlns:msdata="urn:schemas-microsoft-com:xml-msdata">
    <xs:element name="Root" msdata:IsDataSet="true" msdata:UseCurrentLocale="true">
      <xs:complexType>
        <xs:choice minOccurs="0" maxOccurs="unbounded">
          <xs:element name="WalletList">
            <xs:complexType>
              <xs:sequence>
                <xs:element name="PublicKeyFrom" type="xs:string" minOccurs="0" />
                <xs:element name="Available" type="xs:string" minOccurs="0" />
                <xs:element name="LockedFuture" type="xs:string" minOccurs="0" />
                <xs:element name="Locked" type="xs:string" minOccurs="0" />
                <xs:element name="UnlockDate" type="xs:string" minOccurs="0" />
                <xs:element name="LockedDueNow" type="xs:string" minOccurs="0" />
                <xs:element name="PublicKeyTo" type="xs:string" minOccurs="0" />
                <xs:element name="PrivateKey" type="xs:string" minOccurs="0" />
                <xs:element name="Mnemonic" type="xs:string" minOccurs="0" />
                <xs:element name="FeeBump" type="xs:boolean" minOccurs="0" />
              </xs:sequence>
            </xs:complexType>
          </xs:element>
        </xs:choice>
      </xs:complexType>
    </xs:element>
  </xs:schema>
  <Prefs>
    <DisableAuto>true</DisableAuto>
  </Prefs>
  <FeeBumps />
</Root>